{"best/epoch": 0, "best/precision": 0.6708943866675732, "best/recall": 0.6052903890335984, "best/mAP_0.5": 0.6824880687606805, "best/mAP_0.5:0.95": 0.44885427533794514}